sourceId,file,status,currentUrl,expectedUrl,repairError
"a6","a6.jsonl","repaired","https://www.centeraj6.se","https://centeraj6.se/",""
"abb-arena","abb-arena.jsonl","repaired","https://www.abb-arena.se","https://abb-arena.se/",""
"abf-conflict-1","abf-conflict-1.jsonl","invalid_skip","abf.se/","","URL missing http/https protocol: abf.se/"
"abf","abf.jsonl","repaired","https://www.abf.se","https://abf.se/",""
"af","af.jsonl","repaired","https://www.af.lu.se","https://af.lu.se/",""
"aik","aik.jsonl","repaired","https://www.aik.se","https://aik.se/",""
"akersberga","akersberga.jsonl","repaired","https://www.akersberga.se","https://akersberga.se/",""
"allt-om-mat","allt-om-mat.jsonl","repaired","https://www.alltommat.se","https://alltommat.se/",""
"alltimalmo","alltimalmo.jsonl","repaired","https://www.alltimalmö.se","https://alltimalmö.se/",""
"andra-langgatan","andra-langgatan.jsonl","repaired","https://www.andra.se","https://andra.se/",""
"antikmassan","antikmassan.jsonl","repaired","https://www.antikmassan.se","https://antikmassan.se/",""
"arbetets-museum","arbetets-museum.jsonl","repaired","https://www.arbetetsmuseum.se","https://arbetetsmuseum.se/",""
"arbetsam","arbetsam.jsonl","repaired","https://www.arbetam.se","https://arbetam.se/",""
"arkdes","arkdes.jsonl","repaired","https://arkdes.se","https://arkdes.se/",""
"arkitekturgalleriet","arkitekturgalleriet.jsonl","repaired","https://www.arkitekturgalleriet.se","https://arkitekturgalleriet.se/",""
"artipelag","artipelag.jsonl","repaired","https://www.artipelag.se","https://artipelag.se/",""
"astronomiska-huddinge","astronomiska-huddinge.jsonl","repaired","https://www.astronomiska.se","https://astronomiska.se/",""
"avicii-arena-sport","avicii-arena-sport.jsonl","repaired","https://www.aviciiarena.se","https://aviciiarena.se/",""
"avicii-arena","avicii-arena.jsonl","repaired","https://aviciiarena.se","https://aviciiarena.se/",""
"b-republic","b-republic.jsonl","repaired","https://www.brepublic.se","https://brepublic.se/",""
"bang","bang.jsonl","repaired","https://www.bang.se","https://bang.se/",""
"bar-brooklyn","bar-brooklyn.jsonl","repaired","https://www.barbrooklyn.se","https://barbrooklyn.se/",""
"barnens-o","barnens-o.jsonl","repaired","https://www.barnensö.se","https://barnensö.se/",""
"berwaldhallen","berwaldhallen.jsonl","repaired","https://www.berwaldhallen.se","https://berwaldhallen.se/",""
"billetto-aggregator","billetto-aggregator.jsonl","repaired","https://billetto.se","https://billetto.se/",""
"bk-hacken","bk-hacken.jsonl","repaired","https://www.hacken.se","https://hacken.se/",""
"blekholmen","blekholmen.jsonl","repaired","https://www.blekholmen.se","https://blekholmen.se/",""
"bokmassan","bokmassan.jsonl","repaired","https://www.bokmassan.se","https://bokmassan.se/",""
"boplanet","boplanet.jsonl","repaired","https://www.boplanet.se","https://boplanet.se/",""
"bor-s-zoo-animagic","bor-s-zoo-animagic.jsonl","repaired","https://www.animagic.se","https://animagic.se/",""
"borlange-kommun","borlange-kommun.jsonl","repaired","https://www.borlange.se","https://borlange.se/",""
"botaniska-tradgarden","botaniska-tradgarden.jsonl","repaired","https://www.botaniska.se","https://botaniska.se/",""
"brommapojkarna","brommapojkarna.jsonl","repaired","https://www.bpxf.se","https://bpxf.se/",""
"caf-opera","caf-opera.jsonl","repaired","https://www.cafeopera.se","https://cafeopera.se/",""
"centuri","centuri.jsonl","repaired","https://www.centuri.se","https://centuri.se/",""
"chalmers","chalmers.jsonl","repaired","https://www.chalmers.se","https://chalmers.se/",""
"china-teatern","china-teatern.jsonl","repaired","https://www.chinateatern.se","https://chinateatern.se/",""
"cirkus","cirkus.jsonl","repaired","https://www.cirkus.se","https://cirkus.se/",""
"club-mecca","club-mecca.jsonl","repaired","https://www.clubmecca.se","https://clubmecca.se/",""
"dalarna","dalarna.jsonl","repaired","https://www.dalarna.se","https://dalarna.se/",""
"debaser","debaser.jsonl","repaired","https://debaser.se","https://debaser.se/",""
"din-gastrotek","din-gastrotek.jsonl","repaired","https://www.gastrotek.se","https://gastrotek.se/",""
"djurgarden","djurgarden.jsonl","repaired","https://www.djurgarden.se","https://djurgarden.se/",""
"djurgardens-if","djurgardens-if.jsonl","repaired","https://www.dif.se","https://dif.se/",""
"do310-com","do310-com.jsonl","repaired","https://www.do310.com","https://do310.com/",""
"downtown","downtown.jsonl","repaired","https://www.downtown.se","https://downtown.se/",""
"dramaten","dramaten.jsonl","repaired","https://www.dramaten.se","https://dramaten.se/",""
"dubblett-v2-test","dubblett-v2-test.jsonl","invalid_skip","dubblett-v2-test.se/","","URL missing http/https protocol: dubblett-v2-test.se/"
"dunkers","dunkers.jsonl","repaired","https://www.dunkers.se","https://dunkers.se/",""
"eggers-arena-ehco","eggers-arena-ehco.jsonl","repaired","https://www.eggersarena.se","https://eggersarena.se/",""
"ekero","ekero.jsonl","repaired","https://www.ekeroif.se","https://ekeroif.se/",""
"elmia","elmia.jsonl","repaired","https://www.elmia.se","https://elmia.se/",""
"emporia","emporia.jsonl","repaired","https://www.emporia.se","https://emporia.se/",""
"engelbrekt","engelbrekt.jsonl","repaired","https://www.engelbrekt.se","https://engelbrekt.se/",""
"eskilstuna-united","eskilstuna-united.jsonl","repaired","https://www.eskilstunaunited.se","https://eskilstunaunited.se/",""
"eskilstuna","eskilstuna.jsonl","repaired","https://www.eskilstuna.se","https://eskilstuna.se/",""
"eventbrite","eventbrite.jsonl","repaired","https://www.eventbrite.se","https://eventbrite.se/",""
"faith","faith.jsonl","repaired","https://www.faith.se","https://faith.se/",""
"falun-fk","falun-fk.jsonl","repaired","https://www.falunfk.se","https://falunfk.se/",""
"falun-konserthus","falun-konserthus.jsonl","repaired","https://www.falu.se","https://falu.se/",""
"falun-stadsteatern","falun-stadsteatern.jsonl","repaired","https://www.falu.se/stadsteatern","https://falu.se/stadsteatern",""
"fangelset","fangelset.jsonl","repaired","https://www.fangelset.org","https://fangelset.org/",""
"fattar","fattar.jsonl","repaired","https://www.fattar.se","https://fattar.se/",""
"fc-roseng-rd","fc-roseng-rd.jsonl","repaired","https://www.fcc.se","https://fcc.se/",""
"filborna","filborna.jsonl","repaired","https://www.filborna.se","https://filborna.se/",""
"flaggad-v2-test","flaggad-v2-test.jsonl","invalid_skip","flaggad-v2-test.se/","","URL missing http/https protocol: flaggad-v2-test.se/"
"folkets-hus","folkets-hus.jsonl","repaired","https://www.folketshus.se","https://folketshus.se/",""
"folkoperan","folkoperan.jsonl","repaired","https://www.folkoperan.se","https://folkoperan.se/",""
"folkteatern","folkteatern.jsonl","repaired","https://www.folkteatern.se","https://folkteatern.se/",""
"folkuniversitetet","folkuniversitetet.jsonl","repaired","https://www.folkuniversitetet.se","https://folkuniversitetet.se/",""
"form-design-museum","form-design-museum.jsonl","repaired","https://www.formdesigncenter.se","https://formdesigncenter.se/",""
"formex","formex.jsonl","repaired","https://www.formex.se","https://formex.se/",""
"fotografiska-1","fotografiska-1.jsonl","repaired","https://www.fotografiska.se","https://fotografiska.se/",""
"fotografiska","fotografiska.jsonl","repaired","https://www.fotografiska.com","https://fotografiska.com/",""
"friarena","friarena.jsonl","repaired","https://www.friarena.se","https://friarena.se/",""
"friends-arena","friends-arena.jsonl","repaired","https://friendsarena.se","https://friendsarena.se/",""
"friidrottsf-rbundet","friidrottsf-rbundet.jsonl","repaired","https://www.friidrott.se","https://friidrott.se/",""
"frolunda-hc","frolunda-hc.jsonl","repaired","https://www.frolundaIndians.com","https://frolundaindians.com/",""
"fryshuset","fryshuset.jsonl","ok","https://fryshuset.se/kalendarium","https://fryshuset.se/kalendarium",""
"fyrfaderna","fyrfaderna.jsonl","repaired","https://www.fyrfaderna.se","https://fyrfaderna.se/",""
"fyris-paper","fyris-paper.jsonl","repaired","https://www.fyrispaper.se","https://fyrispaper.se/",""
"g-teborgs-jazz-festival","g-teborgs-jazz-festival.jsonl","repaired","https://www.jazzfestival.se","https://jazzfestival.se/",""
"g-teborgs-posten","g-teborgs-posten.jsonl","repaired","https://www.gp.se/evenemang","https://gp.se/evenemang",""
"g-teborgs-universitet","g-teborgs-universitet.jsonl","ok","https://gu.se/evenemang","https://gu.se/evenemang",""
"g-teborgsoperan","g-teborgsoperan.jsonl","repaired","https://www.goteborgsoperan.se","https://goteborgsoperan.se/",""
"gais","gais.jsonl","repaired","https://www.gais.se","https://gais.se/",""
"gamla-uppsala","gamla-uppsala.jsonl","repaired","https://www.gamlauppsala.se","https://gamlauppsala.se/",""
"gavle-if","gavle-if.jsonl","repaired","https://www.gavleif.se","https://gavleif.se/",""
"gavle-konserthus","gavle-konserthus.jsonl","repaired","https://www.gavle.se/konserthus","https://gavle.se/konserthus",""
"gavle-konstmuseum","gavle-konstmuseum.jsonl","repaired","https://www.gavle.se/konst","https://gavle.se/konst",""
"gavle-stadsteatern","gavle-stadsteatern.jsonl","repaired","https://www.gavle.se/stadsteatern","https://gavle.se/stadsteatern",""
"gavle-zoo","gavle-zoo.jsonl","repaired","https://www.gavlezoo.se","https://gavlezoo.se/",""
"get-lost","get-lost.jsonl","repaired","https://getlost.se","https://getlost.se/",""
"globen","globen.jsonl","repaired","https://www.globen.se","https://globen.se/",""
"goteborgs-arkitekturgalleri","goteborgs-arkitekturgalleri.jsonl","repaired","https://www.arkitekturgalleriet.se","https://arkitekturgalleriet.se/",""
"goteborgs-design-festival","goteborgs-design-festival.jsonl","repaired","https://www.designfestival.se","https://designfestival.se/",""
"goteborgs-domkyrka","goteborgs-domkyrka.jsonl","repaired","https://www.goteborgsdomkyrka.se","https://goteborgsdomkyrka.se/",""
"goteborgs-film-festival","goteborgs-film-festival.jsonl","repaired","https://www.gothenburgfilmfestival.com","https://gothenburgfilmfestival.com/",""
"goteborgs-konstmuseum","goteborgs-konstmuseum.jsonl","repaired","https://www.goteborgskonstmuseum.se","https://goteborgskonstmuseum.se/",""
"goteborgs-kulturfestival","goteborgs-kulturfestival.jsonl","repaired","https://www.kulturfestivalen.se","https://kulturfestivalen.se/",""
"goteborgs-litteraturhus","goteborgs-litteraturhus.jsonl","repaired","https://www.litteraturhuset.se","https://litteraturhuset.se/",""
"goteborgs-stadsbibliotek","goteborgs-stadsbibliotek.jsonl","repaired","https://www.goteborgsstad.se/bibliotek","https://goteborgsstad.se/bibliotek",""
"goteborgs-stadsteatern","goteborgs-stadsteatern.jsonl","repaired","https://www.stadsteatern.se","https://stadsteatern.se/",""
"goteborgsoperan","goteborgsoperan.jsonl","repaired","https://www.opera.se/goteborg","https://opera.se/goteborg",""
"gr-na-lund-n-je","gr-na-lund-n-je.jsonl","repaired","https://www.gronalund.se","https://gronalund.se/",""
"gr-na-lund","gr-na-lund.jsonl","repaired","https://www.gronalund.se","https://gronalund.se/",""
"grand","grand.jsonl","repaired","https://www.grandmalmo.se","https://grandmalmo.se/",""
"grona-lund","grona-lund.jsonl","repaired","https://www.gronalund.com","https://gronalund.com/",""
"gso","gso.jsonl","repaired","https://www.gso.se","https://gso.se/",""
"h-gskolan-i-sk-vde","h-gskolan-i-sk-vde.jsonl","repaired","https://www.his.se/evenemang","https://his.se/evenemang",""
"halland","halland.jsonl","repaired","https://www.halland.se","https://halland.se/",""
"hallsberg","hallsberg.jsonl","repaired","https://www.hallsberg.se","https://hallsberg.se/",""
"halmstad-konserthus","halmstad-konserthus.jsonl","repaired","https://www.halmstad.se/konserthus","https://halmstad.se/konserthus",""
"halmstad-stadsteatern","halmstad-stadsteatern.jsonl","repaired","https://www.halmstad.se/stadsteatern","https://halmstad.se/stadsteatern",""
"halmstads-bk","halmstads-bk.jsonl","repaired","https://www.hbk.se","https://hbk.se/",""
"hammarby","hammarby.jsonl","repaired","https://www.hammarbyfotboll.se","https://hammarbyfotboll.se/",""
"hammarkullen","hammarkullen.jsonl","repaired","https://www.hammarkullen.se","https://hammarkullen.se/",""
"hasselblad-center","hasselblad-center.jsonl","repaired","https://www.hasselbladcenter.se","https://hasselbladcenter.se/",""
"helsingborg-arena","helsingborg-arena.jsonl","repaired","https://www.helsingborgarena.se","https://helsingborgarena.se/",""
"helsingborg-konserthus","helsingborg-konserthus.jsonl","repaired","https://www.helsingborgkonserthus.se","https://helsingborgkonserthus.se/",""
"helsingborg","helsingborg.jsonl","repaired","https://www.helsingborg.se","https://helsingborg.se/",""
"helsingborgs-dagblad","helsingborgs-dagblad.jsonl","repaired","https://www.hd.se/evenemang","https://hd.se/evenemang",""
"helsingborgs-if","helsingborgs-if.jsonl","repaired","https://www.helsingborgsif.se","https://helsingborgsif.se/",""
"helsingborgs-konserthus","helsingborgs-konserthus.jsonl","repaired","https://www.helsingborgskonserthus.se","https://helsingborgskonserthus.se/",""
"historiska-museet-malmo","historiska-museet-malmo.jsonl","repaired","https://www.malmöhistoriska.se","https://malmöhistoriska.se/",""
"historiska-museet","historiska-museet.jsonl","repaired","https://www.historiskamuseet.se","https://historiskamuseet.se/",""
"hovet-1","hovet-1.jsonl","repaired","https://www.thehovet.se","https://thehovet.se/",""
"hovet","hovet.jsonl","repaired","https://www.hovet.se","https://hovet.se/",""
"hv71","hv71.jsonl","repaired","https://www.hv71.se","https://hv71.se/",""
"ifk-g-teborg","ifk-g-teborg.jsonl","repaired","https://www.ifkgoteborg.se","https://ifkgoteborg.se/",""
"ifk-norrkoping","ifk-norrkoping.jsonl","repaired","https://www.ifknorrkoping.se","https://ifknorrkoping.se/",""
"ifk-stockholm","ifk-stockholm.jsonl","repaired","https://www.ifkstockholm.se","https://ifkstockholm.se/",""
"ifk-uppsala","ifk-uppsala.jsonl","repaired","https://www.ifkuppsala.se","https://ifkuppsala.se/",""
"ik-sirius","ik-sirius.jsonl","repaired","https://www.iksirius.se","https://iksirius.se/",""
"inkonst","inkonst.jsonl","repaired","https://www.inkonst.se","https://inkonst.se/",""
"intiman","intiman.jsonl","repaired","https://www.intiman.se","https://intiman.se/",""
"iogt-nto","iogt-nto.jsonl","repaired","https://www.iogt.se","https://iogt.se/",""
"jarfalla","jarfalla.jsonl","repaired","https://www.jarfalla.se","https://jarfalla.se/",""
"jazz-i-lund","jazz-i-lund.jsonl","repaired","https://www.jazzilund.se","https://jazzilund.se/",""
"jazz-i-orebro","jazz-i-orebro.jsonl","repaired","https://www.jazzorebro.se","https://jazzorebro.se/",""
"jazzfestivalen-goteborg","jazzfestivalen-goteborg.jsonl","repaired","https://www.jazzfestivalen.se","https://jazzfestivalen.se/",""
"jonkoping-konserthus","jonkoping-konserthus.jsonl","repaired","https://www.jonkoping.se/konserthus","https://jonkoping.se/konserthus",""
"jonkoping-sodra","jonkoping-sodra.jsonl","repaired","https://www.jonkopingsodra.se","https://jonkopingsodra.se/",""
"jonkoping-stadsteatern","jonkoping-stadsteatern.jsonl","repaired","https://www.jonkoping.se/stadsteatern","https://jonkoping.se/stadsteatern",""
"jonkoping-university","jonkoping-university.jsonl","repaired","https://www.ju.se","https://ju.se/",""
"jonkoping","jonkoping.jsonl","repaired","https://www.jonkoping.se","https://jonkoping.se/",""
"junibacken","junibacken.jsonl","repaired","https://www.junibacken.se","https://junibacken.se/",""
"kalmar-energi-arena","kalmar-energi-arena.jsonl","repaired","https://www.kalmarenergiarena.se","https://kalmarenergiarena.se/",""
"kalmar-ff","kalmar-ff.jsonl","repaired","https://www.kalmarff.se","https://kalmarff.se/",""
"kalmar-kommun","kalmar-kommun.jsonl","repaired","https://www.kalmar.se","https://kalmar.se/",""
"kalmar-museum","kalmar-museum.jsonl","repaired","https://www.kalmar-museum.se","https://kalmar-museum.se/",""
"kalmar-teatern","kalmar-teatern.jsonl","repaired","https://www.kalmarteatern.se","https://kalmarteatern.se/",""
"karlskoga","karlskoga.jsonl","repaired","https://www.karlskoga.se","https://karlskoga.se/",""
"karlskrona-hf","karlskrona-hf.jsonl","repaired","https://www.karlskronahf.se","https://karlskronahf.se/",""
"karlskrona","karlskrona.jsonl","repaired","https://www.karlskrona.se","https://karlskrona.se/",""
"karlstad-if","karlstad-if.jsonl","repaired","https://www.karlstadif.se","https://karlstadif.se/",""
"karlstad-konserthus","karlstad-konserthus.jsonl","repaired","https://www.karlstad.se/konserthus","https://karlstad.se/konserthus",""
"karlstad-stadsteatern","karlstad-stadsteatern.jsonl","repaired","https://www.karlstad.se/stadsteatern","https://karlstad.se/stadsteatern",""
"karolinska-institutet","karolinska-institutet.jsonl","ok","https://ki.se/om/arrangement","https://ki.se/om/arrangement",""
"katalin","katalin.jsonl","repaired","https://www.katalin.nu","https://katalin.nu/",""
"katrineholm","katrineholm.jsonl","repaired","https://www.katrineholm.se","https://katrineholm.se/",""
"kb18","kb18.jsonl","repaired","https://www.kb18.se","https://kb18.se/",""
"kino","kino.jsonl","repaired","https://www.kinogoteborg.se","https://kinogoteborg.se/",""
"konserthuset","konserthuset.jsonl","repaired","https://www.konserthuset.se/program-och-biljetter/kalender/","https://konserthuset.se/program-och-biljetter/kalender",""
"konstfack","konstfack.jsonl","repaired","https://www.konstfack.se","https://konstfack.se/",""
"konstmassan","konstmassan.jsonl","repaired","https://www.konstmassan.se","https://konstmassan.se/",""
"kth","kth.jsonl","repaired","https://www.kth.se/evenemang","https://kth.se/evenemang",""
"kulturen","kulturen.jsonl","repaired","https://www.kulturen.com","https://kulturen.com/",""
"kulturhuset-orebro","kulturhuset-orebro.jsonl","repaired","https://www.kulturhusetorebro.se","https://kulturhusetorebro.se/",""
"kulturhuset","kulturhuset.jsonl","repaired","https://www.kulturhuset.se","https://kulturhuset.se/",""
"kumla","kumla.jsonl","repaired","https://www.kumla.se","https://kumla.se/",""
"kungliga-musikhogskolan","kungliga-musikhogskolan.jsonl","repaired","https://www.kmh.se","https://kmh.se/",""
"kungliga-operan","kungliga-operan.jsonl","repaired","https://www.operan.se","https://operan.se/",""
"kungsbacka","kungsbacka.jsonl","repaired","https://www.kungsbacka.se","https://kungsbacka.se/",""
"kungstradgarden","kungstradgarden.jsonl","repaired","https://www.kungstradgarden.se","https://kungstradgarden.se/",""
"ladan","ladan.jsonl","repaired","https://www.ladan.se","https://ladan.se/",""
"liljevalchs-konsthall","liljevalchs-konsthall.jsonl","repaired","https://www.liljevalchs.se","https://liljevalchs.se/",""
"liljevalchs","liljevalchs.jsonl","repaired","https://www.liljevalchs.se","https://liljevalchs.se/",""
"lindesberg","lindesberg.jsonl","repaired","https://www.lindesberg.se","https://lindesberg.se/",""
"linkoping-city","linkoping-city.jsonl","repaired","https://www.linkopingcity.se","https://linkopingcity.se/",""
"linkoping-konserthus","linkoping-konserthus.jsonl","repaired","https://www.linkoping.se/konserthus","https://linkoping.se/konserthus",""
"linkoping-stadsteatern","linkoping-stadsteatern.jsonl","repaired","https://www.linkoping.se/stadsteatern","https://linkoping.se/stadsteatern",""
"linkopings-universitet","linkopings-universitet.jsonl","repaired","https://www.liu.se","https://liu.se/",""
"linnaeus-museum","linnaeus-museum.jsonl","repaired","https://www.linnaeus.uu.se","https://linnaeus.uu.se/",""
"liseberg-1","liseberg-1.jsonl","repaired","https://www.gronalund.com","https://gronalund.com/",""
"liseberg-n-je","liseberg-n-je.jsonl","repaired","https://www.liseberg.se","https://liseberg.se/",""
"liseberg","liseberg.jsonl","repaired","https://www.liseberg.se","https://liseberg.se/",""
"livrustkammaren","livrustkammaren.jsonl","repaired","https://www.livrustkammaren.se","https://livrustkammaren.se/",""
"lth","lth.jsonl","repaired","https://www.lth.se","https://lth.se/",""
"lulea-hf","lulea-hf.jsonl","repaired","https://www.luleahf.se","https://luleahf.se/",""
"lulea-konserthus","lulea-konserthus.jsonl","repaired","https://www.lulea.se/konserthus","https://lulea.se/konserthus",""
"lulea-stadsteatern","lulea-stadsteatern.jsonl","repaired","https://www.lulea.se/stadsteatern","https://lulea.se/stadsteatern",""
"lulea-tekniska-universitet","lulea-tekniska-universitet.jsonl","repaired","https://www.ltu.se","https://ltu.se/",""
"lunds-bk","lunds-bk.jsonl","repaired","https://www.lundsbk.se","https://lundsbk.se/",""
"lunds-konserthus","lunds-konserthus.jsonl","repaired","https://www.lund.se/konserthus","https://lund.se/konserthus",""
"lunds-museum","lunds-museum.jsonl","repaired","https://www.historiska.se","https://historiska.se/",""
"lunds-stadsteatern","lunds-stadsteatern.jsonl","repaired","https://www.lund.se/stadsteatern","https://lund.se/stadsteatern",""
"lunds-universitet","lunds-universitet.jsonl","repaired","https://www.lu.se/evenemang","https://lu.se/evenemang",""
"lysekil","lysekil.jsonl","repaired","https://www.lysekil.se","https://lysekil.se/",""
"malarenergi-arena","malarenergi-arena.jsonl","repaired","https://www.malarenergi.se","https://malarenergi.se/",""
"mall-of-scandinavia","mall-of-scandinavia.jsonl","repaired","https://www.mallofscandinavia.se","https://mallofscandinavia.se/",""
"malm-arena-ishockey","malm-arena-ishockey.jsonl","repaired","https://www.malmoarena.se","https://malmoarena.se/",""
"malm-arena","malm-arena.jsonl","repaired","https://www.malmoarena.se","https://malmoarena.se/",""
"malm-konserthus","malm-konserthus.jsonl","repaired","https://www.malmo-konserthus.se","https://malmo-konserthus.se/",""
"malm-live","malm-live.jsonl","repaired","https://malmolive.se","https://malmolive.se/",""
"malm-opera","malm-opera.jsonl","repaired","https://www.malmoopera.se","https://malmoopera.se/",""
"malm-universitet","malm-universitet.jsonl","repaired","https://www.mau.se/evenemang","https://mau.se/evenemang",""
"malmo-arena","malmo-arena.jsonl","repaired","https://www.malmöarena.se","https://malmöarena.se/",""
"malmo-bulldogs","malmo-bulldogs.jsonl","repaired","https://www.bulldogs.se","https://bulldogs.se/",""
"malmo-ff","malmo-ff.jsonl","repaired","https://www.malmöfFF.se","https://malmöfff.se/",""
"malmo-folkets-park","malmo-folkets-park.jsonl","repaired","https://www.folketsparkmalmo.se","https://folketsparkmalmo.se/",""
"malmo-hockey","malmo-hockey.jsonl","repaired","https://www.malmöhockey.se","https://malmöhockey.se/",""
"malmo-hogskola","malmo-hogskola.jsonl","repaired","https://www.mah.se","https://mah.se/",""
"malmo-icc","malmo-icc.jsonl","repaired","https://www.malmöicc.se","https://malmöicc.se/",""
"malmo-konserthus","malmo-konserthus.jsonl","repaired","https://www.malmökonserthus.se","https://malmökonserthus.se/",""
"malmo-konsthall","malmo-konsthall.jsonl","repaired","https://www.konsthall.malmo.se","https://konsthall.malmo.se/",""
"malmo-konstmuseum","malmo-konstmuseum.jsonl","repaired","https://www.malmökonstmuseum.se","https://malmökonstmuseum.se/",""
"malmo-massan","malmo-massan.jsonl","repaired","https://www.malmömässan.se","https://malmömässan.se/",""
"malmo-museum","malmo-museum.jsonl","repaired","https://www.malmömuseum.se","https://malmömuseum.se/",""
"malmo-opera","malmo-opera.jsonl","repaired","https://www.malmöopera.se","https://malmöopera.se/",""
"malmo-redhawks","malmo-redhawks.jsonl","repaired","https://www.malmöredhawks.se","https://malmöredhawks.se/",""
"malmo-stad","malmo-stad.jsonl","repaired","https://www.malmö.se","https://malmö.se/",""
"malmo-stadsbibliotek","malmo-stadsbibliotek.jsonl","repaired","https://www.malmö.se/bibliotek","https://malmö.se/bibliotek",""
"malmo-stadsteatern","malmo-stadsteatern.jsonl","repaired","https://www.malmöstadsteatern.se","https://malmöstadsteatern.se/",""
"mariestad","mariestad.jsonl","repaired","https://www.mariestad.se","https://mariestad.se/",""
"masthuggskyrkan","masthuggskyrkan.jsonl","repaired","https://www.masthuggskyrkan.se","https://masthuggskyrkan.se/",""
"medborgarhuset","medborgarhuset.jsonl","repaired","https://www.medborgarhuset.se","https://medborgarhuset.se/",""
"medeltidsmuseet","medeltidsmuseet.jsonl","repaired","https://www.medeltidsmuseet.se","https://medeltidsmuseet.se/",""
"mejeriet","mejeriet.jsonl","repaired","https://www.mejeriet.se","https://mejeriet.se/",""
"melodifestivalen-svt","melodifestivalen-svt.jsonl","repaired","https://www.svt.se/melodifestivalen","https://svt.se/melodifestivalen",""
"millesg-rden","millesg-rden.jsonl","repaired","https://www.millesgarden.se","https://millesgarden.se/",""
"mittuniversitetet","mittuniversitetet.jsonl","repaired","https://www.miun.se/evenemang","https://miun.se/evenemang",""
"mjolby","mjolby.jsonl","repaired","https://www.mjolby.se","https://mjolby.se/",""
"mobilia","mobilia.jsonl","repaired","https://www.mobilia.se","https://mobilia.se/",""
"moderna-museet-malmo","moderna-museet-malmo.jsonl","repaired","https://www.moderna.se/malmo","https://moderna.se/malmo",""
"moderna-museet","moderna-museet.jsonl","repaired","https://www.modernamuseet.se","https://modernamuseet.se/",""
"molndals-futsal","molndals-futsal.jsonl","repaired","https://www.molndalsfutsal.se","https://molndalsfutsal.se/",""
"molndals","molndals.jsonl","repaired","https://www.molndal.se","https://molndal.se/",""
"mora-ik","mora-ik.jsonl","repaired","https://www.moraik.se","https://moraik.se/",""
"mora-kommun","mora-kommun.jsonl","repaired","https://www.mora.se","https://mora.se/",""
"mosebacke","mosebacke.jsonl","repaired","https://www.mosebacke.se","https://mosebacke.se/",""
"motala","motala.jsonl","repaired","https://www.motala.se","https://motala.se/",""
"nationalmuseum","nationalmuseum.jsonl","repaired","https://www.nationalmuseum.se","https://nationalmuseum.se/",""
"naturhistoriska-museet","naturhistoriska-museet.jsonl","repaired","https://www.naturhistoriska.se","https://naturhistoriska.se/",""
"naturhistoriska-riksmuseet","naturhistoriska-riksmuseet.jsonl","repaired","https://www.nrm.se","https://nrm.se/",""
"neon","neon.jsonl","repaired","https://www.neon.se","https://neon.se/",""
"nobelmuseet","nobelmuseet.jsonl","repaired","https://www.nobelmuseet.se","https://nobelmuseet.se/",""
"nordiska-museet","nordiska-museet.jsonl","repaired","https://www.nordiskamuseet.se","https://nordiskamuseet.se/",""
"norrk-pings-tidningar","norrk-pings-tidningar.jsonl","repaired","https://www.nt.se/evenemang","https://nt.se/evenemang",""
"norrkoping-art","norrkoping-art.jsonl","repaired","https://www.norrkopingart.se","https://norrkopingart.se/",""
"norrkoping-konserthus","norrkoping-konserthus.jsonl","repaired","https://www.norrkoping.se/konserthus","https://norrkoping.se/konserthus",""
"norrkoping-museum","norrkoping-museum.jsonl","repaired","https://www.norrkoping.se/museum","https://norrkoping.se/museum",""
"norrkoping-stadsteatern","norrkoping-stadsteatern.jsonl","repaired","https://www.norrkoping.se/stadsteatern","https://norrkoping.se/stadsteatern",""
"nykoping","nykoping.jsonl","repaired","https://www.nykoping.se","https://nykoping.se/",""
"nykopings-bis","nykopings-bis.jsonl","repaired","https://www.nbis.se","https://nbis.se/",""
"observatoriet","observatoriet.jsonl","repaired","https://www.observatoriet.se","https://observatoriet.se/",""
"oceanen","oceanen.jsonl","repaired","https://www.oceanen.se","https://oceanen.se/",""
"ois","ois.jsonl","repaired","https://www.ois.se","https://ois.se/",""
"oland","oland.jsonl","repaired","https://www.oland.se","https://oland.se/",""
"open-air","open-air.jsonl","repaired","https://www.openair.se","https://openair.se/",""
"open-art","open-art.jsonl","repaired","https://www.openart.se","https://openart.se/",""
"orebro-festival","orebro-festival.jsonl","repaired","https://www.orebrofestivalen.se","https://orebrofestivalen.se/",""
"orebro-hockey","orebro-hockey.jsonl","repaired","https://www.orebrohockey.se","https://orebrohockey.se/",""
"orebro-konserthus","orebro-konserthus.jsonl","repaired","https://www.orebro-konserthus.se","https://orebro-konserthus.se/",""
"orebro-lan","orebro-lan.jsonl","repaired","https://www.orebro.se","https://orebro.se/",""
"orebro-sk","orebro-sk.jsonl","repaired","https://www.orebrosk.se","https://orebrosk.se/",""
"orebro-stadsteatern","orebro-stadsteatern.jsonl","repaired","https://www.orebro-stadsteatern.se","https://orebro-stadsteatern.se/",""
"orebro-universitet","orebro-universitet.jsonl","repaired","https://www.oru.se","https://oru.se/",""
"orebro-vinterfest","orebro-vinterfest.jsonl","repaired","https://www.orebrovinterfest.se","https://orebrovinterfest.se/",""
"ornskoldsvik","ornskoldsvik.jsonl","repaired","https://www.ornskoldsvik.se","https://ornskoldsvik.se/",""
"oscar-teatern","oscar-teatern.jsonl","repaired","https://www.oscarsteatern.se","https://oscarsteatern.se/",""
"ostersunds-fk","ostersunds-fk.jsonl","repaired","https://www.ofksverige.se","https://ofksverige.se/",""
"paddan","paddan.jsonl","repaired","https://www.paddan.se","https://paddan.se/",""
"parkteatern","parkteatern.jsonl","repaired","https://www.parkteatern.se","https://parkteatern.se/",""
"partille-arena","partille-arena.jsonl","repaired","https://www.partillearena.se","https://partillearena.se/",""
"partille","partille.jsonl","repaired","https://www.partille.se","https://partille.se/",""
"pingstkyrkan","pingstkyrkan.jsonl","repaired","https://www.pingst.se","https://pingst.se/",""
"polismuseet","polismuseet.jsonl","repaired","https://www.polismuseet.se","https://polismuseet.se/",""
"polismuseum","polismuseum.jsonl","repaired","https://www.polismuseum.se","https://polismuseum.se/",""
"postmuseum","postmuseum.jsonl","repaired","https://www.postmuseum.se","https://postmuseum.se/",""
"push","push.jsonl","repaired","https://www.push.se","https://push.se/",""
"pustervik","pustervik.jsonl","repaired","https://www.pustervik.nu","https://pustervik.nu/",""
"r-hsska-museet","r-hsska-museet.jsonl","repaired","https://www.rohus.se","https://rohus.se/",""
"ralambshovsparken","ralambshovsparken.jsonl","repaired","https://www.ralambshov.se","https://ralambshov.se/",""
"ramlosa","ramlosa.jsonl","repaired","https://www.ramlosa.com","https://ramlosa.com/",""
"regionteatern","regionteatern.jsonl","repaired","https://www.regionteater.se","https://regionteater.se/",""
"ren-ny-kalla-v2-test","ren-ny-kalla-v2-test.jsonl","invalid_skip","ren-ny-kalla-v2-test.se/","","URL missing http/https protocol: ren-ny-kalla-v2-test.se/"
"repo-festival","repo-festival.jsonl","repaired","https://www.repo.se","https://repo.se/",""
"ridsportf-rbundet","ridsportf-rbundet.jsonl","repaired","https://www.ridsport.se","https://ridsport.se/",""
"rival","rival.jsonl","repaired","https://www.rival.se","https://rival.se/",""
"rockfest-vasteras","rockfest-vasteras.jsonl","repaired","https://www.rockfestvasteras.se","https://rockfestvasteras.se/",""
"roda-kvarn","roda-kvarn.jsonl","repaired","https://www.rodakvarn.se","https://rodakvarn.se/",""
"rohsska-museet","rohsska-museet.jsonl","repaired","https://www.rohsska.se","https://rohsska.se/",""
"ronn","ronn.jsonl","repaired","https://www.ronn.se","https://ronn.se/",""
"ruddalen","ruddalen.jsonl","repaired","https://www.ruddalen.se","https://ruddalen.se/",""
"rumble","rumble.jsonl","repaired","https://www.rumblematch.se","https://rumblematch.se/",""
"scandinavium","scandinavium.jsonl","repaired","https://www.scandinavium.se","https://scandinavium.se/",""
"science-park","science-park.jsonl","repaired","https://www.spp.se","https://spp.se/",""
"sensus","sensus.jsonl","repaired","https://www.sensus.se","https://sensus.se/",""
"skansen","skansen.jsonl","repaired","https://www.skansen.se","https://skansen.se/",""
"skovde-if","skovde-if.jsonl","repaired","https://www.skovdeif.se","https://skovdeif.se/",""
"skovde-konserthus","skovde-konserthus.jsonl","repaired","https://www.skovde.se","https://skovde.se/",""
"skovde-stadsteatern","skovde-stadsteatern.jsonl","repaired","https://www.skovde.se","https://skovde.se/",""
"slagthuset","slagthuset.jsonl","repaired","https://www.slagthuset.se","https://slagthuset.se/",""
"slaktaren","slaktaren.jsonl","repaired","https://www.slaktaren.se","https://slaktaren.se/",""
"slakthuset","slakthuset.jsonl","repaired","https://slakthuset.se","https://slakthuset.se/",""
"slottsskogen","slottsskogen.jsonl","repaired","https://www.slottsskogen.se","https://slottsskogen.se/",""
"slu","slu.jsonl","repaired","https://www.slu.se/evenemang","https://slu.se/evenemang",""
"smalandsposten","smalandsposten.jsonl","repaired","https://www.smp.se","https://smp.se/",""
"sofiero","sofiero.jsonl","repaired","https://www.sofiero.se","https://sofiero.se/",""
"songkick","songkick.jsonl","repaired","https://www.songkick.com","https://songkick.com/",""
"spanga-is","spanga-is.jsonl","repaired","https://www.spanga.se","https://spanga.se/",""
"spanggatan","spanggatan.jsonl","repaired","https://www.spånggatan.se","https://spånggatan.se/",""
"sparvag-city","sparvag-city.jsonl","repaired","https://www.sparvagsmuseet.se","https://sparvagsmuseet.se/",""
"staffan","staffan.jsonl","repaired","https://www.staffan.nu","https://staffan.nu/",""
"stangebrofestivalen","stangebrofestivalen.jsonl","repaired","https://www.stangebro.se","https://stangebro.se/",""
"stenpiren","stenpiren.jsonl","repaired","https://www.stenpiren.se","https://stenpiren.se/",""
"stenungsund","stenungsund.jsonl","repaired","https://www.stenungsund.se","https://stenungsund.se/",""
"stersund-festival","stersund-festival.jsonl","repaired","https://www.ostersund.se/festival","https://ostersund.se/festival",""
"sticky-fingers","sticky-fingers.jsonl","repaired","https://www.stickyfingers.se","https://stickyfingers.se/",""
"stockholm-furniture","stockholm-furniture.jsonl","repaired","https://www.stockholmfurniture.se","https://stockholmfurniture.se/",""
"stockholm-jazz-festival-1","stockholm-jazz-festival-1.jsonl","repaired","https://www.stockholmjazz.com","https://stockholmjazz.com/",""
"stockholm-jazz-festival","stockholm-jazz-festival.jsonl","repaired","https://www.stojazz.se","https://stojazz.se/",""
"stockholm-kulturfestival","stockholm-kulturfestival.jsonl","repaired","https://www.kulturfestival.se","https://kulturfestival.se/",""
"stockholm-live","stockholm-live.jsonl","repaired","https://www.stockholmlive.se","https://stockholmlive.se/",""
"stockholm-music-arts-1","stockholm-music-arts-1.jsonl","repaired","https://www.stockholmmafestival.se","https://stockholmmafestival.se/",""
"stockholm-music-arts","stockholm-music-arts.jsonl","repaired","https://stockholmmaf.se","https://stockholmmaf.se/",""
"stockholms-stadsteater","stockholms-stadsteater.jsonl","repaired","https://www.stadsteatern.se","https://stadsteatern.se/",""
"stockholms-universitet","stockholms-universitet.jsonl","repaired","https://www.su.se/evenemang","https://su.se/evenemang",""
"stora-teatern-g-teborg","stora-teatern-g-teborg.jsonl","repaired","https://www.stora-teatern.goteborg.se","https://stora-teatern.goteborg.se/",""
"stora-teatern-uppsala-1","stora-teatern-uppsala-1.jsonl","repaired","https://www.storateaternuppsala.se","https://storateaternuppsala.se/",""
"stora-teatern-uppsala","stora-teatern-uppsala.jsonl","repaired","https://www.storateatern.se","https://storateatern.se/",""
"storkyrkan","storkyrkan.jsonl","repaired","https://www.storkyrkan.se","https://storkyrkan.se/",""
"storsj-odjuret","storsj-odjuret.jsonl","repaired","https://www.storsjoodjuret.se","https://storsjoodjuret.se/",""
"stromma","stromma.jsonl","repaired","https://www.stromma.se","https://stromma.se/",""
"stromstad","stromstad.jsonl","repaired","https://www.stromstad.se","https://stromstad.se/",""
"studieframjandet","studieframjandet.jsonl","repaired","https://www.studieframjandet.se","https://studieframjandet.se/",""
"studio-acusticum","studio-acusticum.jsonl","repaired","https://www.studioacusticum.se","https://studioacusticum.se/",""
"sturecompagniet","sturecompagniet.jsonl","repaired","https://www.sturecompagniet.se","https://sturecompagniet.se/",""
"summerburst","summerburst.jsonl","repaired","https://summerburst.se","https://summerburst.se/",""
"sundsvall-musik","sundsvall-musik.jsonl","repaired","https://www.musiksundsvall.se","https://musiksundsvall.se/",""
"sundsvall","sundsvall.jsonl","repaired","https://www.sundsvall.se","https://sundsvall.se/",""
"svenska-baskethallsf-rbundet","svenska-baskethallsf-rbundet.jsonl","repaired","https://www.sbf.se","https://sbf.se/",""
"svenska-bowlingf-rbundet","svenska-bowlingf-rbundet.jsonl","repaired","https://www.svenska-bowling.se","https://svenska-bowling.se/",""
"svenska-fotbollf-rbundet","svenska-fotbollf-rbundet.jsonl","repaired","https://www.svenskfotboll.se","https://svenskfotboll.se/",""
"svenska-hockeyligan-shl","svenska-hockeyligan-shl.jsonl","repaired","https://www.shl.se","https://shl.se/",""
"svenska-innebandyf-rbundet","svenska-innebandyf-rbundet.jsonl","repaired","https://www.svenskaif.se","https://svenskaif.se/",""
"svenska-kulturhuset","svenska-kulturhuset.jsonl","repaired","https://www.svenskakulturhuset.se","https://svenskakulturhuset.se/",""
"svenska-schackf-rbundet","svenska-schackf-rbundet.jsonl","ok","https://schack.se/evenemang","https://schack.se/evenemang",""
"svenska-tennisf-rbundet","svenska-tennisf-rbundet.jsonl","repaired","https://www.tennis.se","https://tennis.se/",""
"swedish-food","swedish-food.jsonl","repaired","https://www.swedishfood.com","https://swedishfood.com/",""
"swedish-match","swedish-match.jsonl","repaired","https://www.swedishmatch.se","https://swedishmatch.se/",""
"sydsvenskan","sydsvenskan.jsonl","repaired","https://www.sydsvenskan.se/evenemang","https://sydsvenskan.se/evenemang",""
"teater-galeasen","teater-galeasen.jsonl","repaired","https://www.galeasen.se","https://galeasen.se/",""
"teater-tribunalen","teater-tribunalen.jsonl","repaired","https://www.tribunalen.se","https://tribunalen.se/",""
"teknikens-och-sjofartens-museum","teknikens-och-sjofartens-museum.jsonl","repaired","https://www.tsfm.se","https://tsfm.se/",""
"tekniska-museet-1","tekniska-museet-1.jsonl","repaired","https://www.tekniskamuseet.se","https://tekniskamuseet.se/",""
"tekniska-museet","tekniska-museet.jsonl","repaired","https://www.tekniska.se","https://tekniska.se/",""
"tele2-arena","tele2-arena.jsonl","repaired","https://tele2arena.se","https://tele2arena.se/",""
"test-write-verify","test-write-verify.jsonl","invalid_skip","test-write-verify.se/","","URL missing http/https protocol: test-write-verify.se/"
"textilmus-et","textilmus-et.jsonl","repaired","https://www.textilmuseet.se","https://textilmuseet.se/",""
"the-secret","the-secret.jsonl","repaired","https://www.secret.se","https://secret.se/",""
"ticketmaster","ticketmaster.jsonl","repaired","https://www.ticketmaster.se","https://ticketmaster.se/",""
"tradgardsforeningen","tradgardsforeningen.jsonl","repaired","https://www.tradgardsforeningen.se","https://tradgardsforeningen.se/",""
"trelleborg","trelleborg.jsonl","repaired","https://www.trelleborg.se","https://trelleborg.se/",""
"trelleborgs-ff","trelleborgs-ff.jsonl","repaired","https://www.trelleborgsff.se","https://trelleborgsff.se/",""
"triangeln","triangeln.jsonl","repaired","https://www.triangeln.se","https://triangeln.se/",""
"trollhattan","trollhattan.jsonl","repaired","https://www.trollhattan.se","https://trollhattan.se/",""
"trollhattans-if","trollhattans-if.jsonl","repaired","https://www.trollhattanif.se","https://trollhattanif.se/",""
"uddevalla-kommun","uddevalla-kommun.jsonl","repaired","https://www.uddevalla.se","https://uddevalla.se/",""
"umea-ik","umea-ik.jsonl","repaired","https://www.umeaik.se","https://umeaik.se/",""
"umea-jazz","umea-jazz.jsonl","repaired","https://www.umeajazz.se","https://umeajazz.se/",""
"umea-konserthus","umea-konserthus.jsonl","repaired","https://www.umea.se/konserthus","https://umea.se/konserthus",""
"umea-stadsteatern","umea-stadsteatern.jsonl","repaired","https://www.umea.se/stadsteatern","https://umea.se/stadsteatern",""
"umea-universitet","umea-universitet.jsonl","repaired","https://www.umu.se","https://umu.se/",""
"unga-teatern","unga-teatern.jsonl","repaired","https://www.ungateatern.se","https://ungateatern.se/",""
"universeum","universeum.jsonl","repaired","https://www.universeum.se","https://universeum.se/",""
"unt-uppsala","unt-uppsala.jsonl","repaired","https://www.unt.se/evenemang","https://unt.se/evenemang",""
"uppsala-basket","uppsala-basket.jsonl","repaired","https://www.uppsalabasket.se","https://uppsalabasket.se/",""
"uppsala-domkyrka","uppsala-domkyrka.jsonl","repaired","https://www.uppsaladomkyrka.se","https://uppsaladomkyrka.se/",""
"uppsala-kommun","uppsala-kommun.jsonl","repaired","https://www.uppsala.se","https://uppsala.se/",""
"uppsala-konserthus-1","uppsala-konserthus-1.jsonl","repaired","https://www.uppsala-konserthus.se","https://uppsala-konserthus.se/",""
"uppsala-konserthus","uppsala-konserthus.jsonl","repaired","https://www.uppsalakonserthus.se","https://uppsalakonserthus.se/",""
"uppsala-linn-science-park","uppsala-linn-science-park.jsonl","repaired","https://www.linne.uu.se","https://linne.uu.se/",""
"uppsala-museum","uppsala-museum.jsonl","repaired","https://www.uppsalamuseum.se","https://uppsalamuseum.se/",""
"uppsala-reggae-festival","uppsala-reggae-festival.jsonl","repaired","https://www.uppsala-reggae.se","https://uppsala-reggae.se/",""
"uppsala-stadsteatern-1","uppsala-stadsteatern-1.jsonl","repaired","https://www.uppsala-stadsteatern.se","https://uppsala-stadsteatern.se/",""
"uppsala-stadsteatern","uppsala-stadsteatern.jsonl","repaired","https://www.uppsala-stadsteatern.se","https://uppsala-stadsteatern.se/",""
"uppsala-teatern","uppsala-teatern.jsonl","repaired","https://www.uppsalateatern.se","https://uppsalateatern.se/",""
"uppsala-universitet","uppsala-universitet.jsonl","repaired","https://www.uu.se/evenemang","https://uu.se/evenemang",""
"v-ster-s-konstmuseum","v-ster-s-konstmuseum.jsonl","repaired","https://www.vasterasmuseum.se","https://vasterasmuseum.se/",""
"v-sterbottens-kuriren","v-sterbottens-kuriren.jsonl","repaired","https://www.vk.se/evenemang","https://vk.se/evenemang",""
"varberg-arena","varberg-arena.jsonl","repaired","https://www.varberg.se/arena","https://varberg.se/arena",""
"varbergs-if","varbergs-if.jsonl","repaired","https://www.varbergsif.se","https://varbergsif.se/",""
"varmland-1","varmland-1.jsonl","repaired","https://www.varmland.se","https://varmland.se/",""
"varmland","varmland.jsonl","repaired","https://www.varmland.se","https://varmland.se/",""
"vasalund","vasalund.jsonl","repaired","https://www.vasalund.se","https://vasalund.se/",""
"vasamuseet","vasamuseet.jsonl","repaired","https://www.vasamuseet.se","https://vasamuseet.se/",""
"vasteras-art","vasteras-art.jsonl","repaired","https://www.vasterasart.se","https://vasterasart.se/",""
"vasteras-hockey","vasteras-hockey.jsonl","repaired","https://www.vasterasfh.se","https://vasterasfh.se/",""
"vasteras-konserthus","vasteras-konserthus.jsonl","repaired","https://www.vasteras.se/konserthus","https://vasteras.se/konserthus",""
"vasteras-konstmuseum","vasteras-konstmuseum.jsonl","repaired","https://www.vasteras.se/konstmuseum","https://vasteras.se/konstmuseum",""
"vasteras-sk","vasteras-sk.jsonl","repaired","https://www.vastersask.se","https://vastersask.se/",""
"vasteras-stad","vasteras-stad.jsonl","repaired","https://www.vasteras.se","https://vasteras.se/",""
"vasteras-stadsteatern","vasteras-stadsteatern.jsonl","repaired","https://www.vasteras.se/stadsteatern","https://vasteras.se/stadsteatern",""
"vasterbottens-museum","vasterbottens-museum.jsonl","repaired","https://www.vbm.se","https://vbm.se/",""
"vaxjo-alcazar","vaxjo-alcazar.jsonl","repaired","https://www.alcazar.se","https://alcazar.se/",""
"vaxjo-konserthus","vaxjo-konserthus.jsonl","repaired","https://www.vx.se/konserthus","https://vx.se/konserthus",""
"vaxjo-lakers","vaxjo-lakers.jsonl","repaired","https://www.vaxjolakers.se","https://vaxjolakers.se/",""
"vaxjo-teatern","vaxjo-teatern.jsonl","repaired","https://www.vaexjoe-teatern.se","https://vaexjoe-teatern.se/",""
"vega","vega.jsonl","repaired","https://www.vega.nu","https://vega.nu/",""
"visit-gothenburg","visit-gothenburg.jsonl","repaired","https://www.visitgothenburg.se","https://visitgothenburg.se/",""
"visit-malmo","visit-malmo.jsonl","repaired","https://www.visitmalmö.com","https://visitmalmö.com/",""
"visit-stockholm","visit-stockholm.jsonl","repaired","https://www.visitstockholm.com","https://visitstockholm.com/",""
"visit-sweden","visit-sweden.jsonl","repaired","https://www.visitsweden.com","https://visitsweden.com/",""
"visit-uppsala","visit-uppsala.jsonl","repaired","https://www.visituppsala.se","https://visituppsala.se/",""
"visit-vasteras","visit-vasteras.jsonl","repaired","https://www.visitvasteras.se","https://visitvasteras.se/",""
"visithelsingborg","visithelsingborg.jsonl","repaired","https://www.visithelsingborg.se","https://visithelsingborg.se/",""
"visualiseringscenter","visualiseringscenter.jsonl","repaired","https://www.visualiseringscenter.se","https://visualiseringscenter.se/",""
"volvo-museum","volvo-museum.jsonl","repaired","https://www.volvomuseum.se","https://volvomuseum.se/",""
"waldemarsudde","waldemarsudde.jsonl","repaired","https://www.waldemarsudde.se","https://waldemarsudde.se/",""
"way-out-west","way-out-west.jsonl","repaired","https://wayoutwest.se","https://wayoutwest.se/",""
"we-are-sarajevo","we-are-sarajevo.jsonl","repaired","https://www.wearesarajevo.se","https://wearesarajevo.se/",""
"white-guide","white-guide.jsonl","repaired","https://whiteguide.se","https://whiteguide.se/",""
"ystad","ystad.jsonl","repaired","https://www.ystad.se","https://ystad.se/",""